{"train": [0.12775755660405952, 0.12458472314749994, 0.12373509678000602, 0.12308825970118313, 0.12254728634365308, 0.12208564008547633, 0.12168092536799528, 0.12131904394947139, 0.12100610722620164, 0.12073369444781978, 0.12049591350991717, 0.12026094629940931, 0.12003364664223895, 0.11984547832283143, 0.1196484696450116, 0.11950389411135934, 0.11935114681640573, 0.1192066050827231, 0.11908930423807633, 0.11895029742747912, 0.11884027606606098, 0.11873444372009818, 0.11862886998953318, 0.11852237063880591, 0.1184272521270785, 0.11832319322836851, 0.11822650639103065, 0.1181296714003868, 0.11804784102368134, 0.11796728903907264, 0.11787903738428063, 0.11779412234637701, 0.11771014956269801, 0.11763663016394396, 0.11754601006793516, 0.1174674704872031, 0.11739602546507615, 0.11730010486139002, 0.11724739581301129, 0.11717666719713815, 0.11712435915146599, 0.11708272064006461, 0.11701012828371134, 0.11694901550098549, 0.11689715102084894, 0.1168556180730759, 0.1168114313230209, 0.11675774873778058, 0.11672342527400006, 0.11665543232491679], "dev": [0.125132634230722, 0.12422102355093494, 0.1235512214964688, 0.12298480917764472, 0.12255392512803036, 0.12216994531476848, 0.12181734174053031, 0.12156170535415871, 0.12132113356127865, 0.12109281744806011, 0.1209455298810592, 0.12080124400420171, 0.1206909933328674, 0.12056678158403318, 0.12050545887909263, 0.12041386774121446, 0.12036805175785055, 0.12029156187860905, 0.12023027163516453, 0.1202204322105084, 0.12020883033138927, 0.12016754762124335, 0.1201230179313479, 0.12011943472491886, 0.12012264737796703, 0.12008618717914774, 0.12008516534707854, 0.12002775832684527, 0.1200394683932148, 0.11999507565672088, 0.11998159498411436, 0.120009841509832, 0.12000817747216912, 0.12002469462830297, 0.11999358862543615, 0.12001621666089915, 0.12003514214773588, 0.12004759981142829, 0.11998592744831682, 0.12000103542834033, 0.12005224532994578, 0.11999554340553838, 0.12001096472025233, 0.11999194903211811, 0.11999330838434419, 0.12001145949015465, 0.12004546648234952, 0.11998746683707942, 0.12003454569684775, 0.11999968002484898], "coef": [0.028425407129431274, 0.04526904856548174, 0.06334677098865188, 0.08310635929400313, 0.10199354705355757, 0.12422431395918956, 0.14305332439710539, 0.15847824108866365, 0.1768586120295149, 0.18939377115404565, 0.20238097724751664, 0.2099542817562968, 0.2183270002377776, 0.2224788303170629, 0.22734945096491935, 0.23321584423757669, 0.2352193990163142, 0.23789502932053921, 0.23997098907637046, 0.24136890548404683, 0.24273210907439538, 0.2432689772373672, 0.24552724136556803, 0.2467835630273812, 0.247703022710762, 0.24875462404210444, 0.24954286632695574, 0.2514693520622489, 0.2518901411626093, 0.2539503453682511, 0.25466538708483577, 0.25490620578058165, 0.2556853791911693, 0.2559904558911779, 0.256780492091336, 0.2573684775055405, 0.2575411313787118, 0.25702460061373855, 0.2586231893500099, 0.25874756635715057, 0.2584258505293087, 0.2594829263510118, 0.25961811676199403, 0.2600335650188502, 0.25993206446836703, 0.2599143536378401, 0.2596592851230666, 0.26100861360119704, 0.2603929228874045, 0.2605845326344214]}