{"train": [0.19943256326689898, 0.15039857096446635, 0.1434928425861168, 0.1359123703344795, 0.12892846952526327, 0.12097989737572168, 0.11445619652916103, 0.10787603292283846, 0.10157794086544551, 0.09594653209556017, 0.09079811500994761, 0.08602087792733801, 0.08217782159953528, 0.0782882583745515, 0.074329575605115, 0.07131301245916899, 0.06832901016905985, 0.06585532484670341, 0.06333201535055318, 0.06102327231965663, 0.05907183586494643, 0.056824941339005175, 0.05577581259063692, 0.05371491925744944, 0.05230318009419617, 0.0513923018084965, 0.05019092597386683, 0.048408901140868994, 0.04760111784535749, 0.04638908200883708, 0.0453691332893097, 0.044651556212812984, 0.04346647288546094, 0.042487751187923625, 0.04187452104288979, 0.04100271883608626, 0.04050284129385816, 0.0396046196795885, 0.03886511098148975, 0.03834657478630023, 0.03762867720221364, 0.03715516819859311, 0.036400749261148446, 0.035933930677798084, 0.03540038714192343, 0.035080806247496835, 0.034597766063908866, 0.03412759324247374, 0.03372882175158838, 0.03319051139050187], "dev": [0.1533556593044732, 0.1461144643376383, 0.14301326890714355, 0.13954490646757692, 0.136421083561722, 0.13468651828398043, 0.13570139093346723, 0.13598394349318493, 0.13215405499439212, 0.13281433652843805, 0.13357479923767834, 0.13184295445639407, 0.1325158951203492, 0.13218533572331906, 0.13275641130875565, 0.13532908699870805, 0.13247678169883864, 0.13360592900956494, 0.1339471483254184, 0.13354413586003316, 0.13453672533800282, 0.1340516970893441, 0.13436780475095414, 0.13459741521132568, 0.1340625677778281, 0.13414520036190453, 0.13360175421407022, 0.13422325926062686, 0.1344688458168152, 0.13440966207782937, 0.13504199673251727, 0.13453098438464023, 0.13403047689668363, 0.1345527861770586, 0.1338797194622689, 0.13331485522843803, 0.1342425700323692, 0.13459407279549895, 0.13534630940941758, 0.13407106457848578, 0.1334799418049444, 0.13338682488619222, 0.13450413190832983, 0.13386076225089355, 0.13270191100363013, 0.13491116446020449, 0.1340411312075795, 0.13370954188999642, 0.13405774814099738, 0.1346106501884182], "coef": [0.23457304106272847, 0.3594157535551375, 0.42437660501291957, 0.4881370685613254, 0.516282882201425, 0.5418504790871523, 0.5539590543303491, 0.5632607139657406, 0.5792507307740432, 0.5704479333701603, 0.5764264343462651, 0.5869218721815873, 0.5832951661553206, 0.5828325564189265, 0.5824820770213761, 0.5849448115498967, 0.5890036747760756, 0.5829267690073813, 0.5824543007872593, 0.5807582895068639, 0.5870049426351549, 0.5844967864003819, 0.5835631232645861, 0.5839963032423712, 0.5887351195996097, 0.5816878001721247, 0.5906500176875534, 0.5868711208967564, 0.5832519363390205, 0.585308615953986, 0.5850416688619735, 0.5851544828072502, 0.5864160737614563, 0.586655116003288, 0.5861561833584389, 0.5871334998427924, 0.5891651527483401, 0.5868247816391079, 0.5818089823789596, 0.5880109530768379, 0.5881451212438702, 0.5901607963236015, 0.5887544011430783, 0.5900396360373487, 0.5882412733110169, 0.5871615231066171, 0.5895304858772947, 0.5908040155200994, 0.5863131551249664, 0.5876984910937506]}